Run,Assay Type,AvgSpotLen,Bases,BioProject,BioSample,BioSampleModel,Bytes,Center Name,Collection_Date,Consent,DATASTORE filetype,DATASTORE provider,DATASTORE region,Depth,elev,env_broad_scale,env_local_scale,env_medium,Experiment,geo_loc_name_country,geo_loc_name_country_continent,geo_loc_name,Instrument,Lat_Lon,Library Name,LibraryLayout,LibrarySelection,LibrarySource,Organism,Platform,ReleaseDate,REPLICATE,create_date,version,samp_collect_device,Sample Name,Soil_Type,SRA Study
SRR15198087,AMPLICON,602,37650284,PRJNA748083,SAMN20296505,"MIMS.me,MIGS/MIMS/MIMARKS.soil",18023560,NEW MEXICO STATE UNIVERSITY,2020-07-17,public,"fastq,run.zq,sra","s3,ncbi,gs","s3.us-east-1,gs.US,ncbi.public",Surface,1213.0,Chihuahuan Desert,Chihuahuan Desert,Moss Biocrust 4,SRX11504754,USA,North America,USA: White Sands National Park,Illumina MiSeq,32.73 N 106.22 W,WHSMO4,PAIRED,PCR,METAGENOMIC,soil metagenome,ILLUMINA,2021-07-20T00:00:00Z,Rep 4,2021-07-20T13:17:00Z,1,Sterile metal spatula,WHSMO4,Gypsum,SRP329112
SRR15198088,AMPLICON,602,2911874,PRJNA748083,SAMN20296504,"MIMS.me,MIGS/MIMS/MIMARKS.soil",1942736,NEW MEXICO STATE UNIVERSITY,2020-07-17,public,"run.zq,fastq,sra","s3,ncbi,gs","ncbi.public,s3.us-east-1,gs.US",Surface,1213.0,Chihuahuan Desert,Chihuahuan Desert,Moss Biocrust 3,SRX11504753,USA,North America,USA: White Sands National Park,Illumina MiSeq,32.73 N 106.22 W,WHSMO3,PAIRED,PCR,METAGENOMIC,soil metagenome,ILLUMINA,2021-07-20T00:00:00Z,Rep 3,2021-07-20T13:16:00Z,1,Sterile metal spatula,WHSMO3,Gypsum,SRP329112
SRR15198089,AMPLICON,602,31985464,PRJNA748083,SAMN20296503,"MIMS.me,MIGS/MIMS/MIMARKS.soil",15265179,NEW MEXICO STATE UNIVERSITY,2020-07-17,public,"sra,fastq,run.zq","s3,ncbi,gs","s3.us-east-1,ncbi.public,gs.US",Surface,1213.0,Chihuahuan Desert,Chihuahuan Desert,Moss Biocrust 2,SRX11504752,USA,North America,USA: White Sands National Park,Illumina MiSeq,32.73 N 106.22 W,WHSMO2,PAIRED,PCR,METAGENOMIC,soil metagenome,ILLUMINA,2021-07-20T00:00:00Z,Rep 2,2021-07-20T13:17:00Z,1,Sterile metal spatula,WHSMO2,Gypsum,SRP329112
SRR15198090,AMPLICON,602,26658968,PRJNA748083,SAMN20296502,"MIMS.me,MIGS/MIMS/MIMARKS.soil",12982120,NEW MEXICO STATE UNIVERSITY,2020-07-17,public,"fastq,run.zq,sra","s3,gs,ncbi","gs.US,ncbi.public,s3.us-east-1",Surface,1213.0,Chihuahuan Desert,Chihuahuan Desert,Moss Biocrust 1,SRX11504751,USA,North America,USA: White Sands National Park,Illumina MiSeq,32.73 N 106.22 W,WHSMO1,PAIRED,PCR,METAGENOMIC,soil metagenome,ILLUMINA,2021-07-20T00:00:00Z,Rep 1,2021-07-20T13:16:00Z,1,Sterile metal spatula,WHSMO1,Gypsum,SRP329112
SRR15198091,AMPLICON,602,262472,PRJNA748083,SAMN20296501,"MIMS.me,MIGS/MIMS/MIMARKS.soil",259023,NEW MEXICO STATE UNIVERSITY,2020-07-17,public,"sra,fastq,run.zq","s3,gs,ncbi","s3.us-east-1,ncbi.public,gs.US",Surface,1213.0,Chihuahuan Desert,Chihuahuan Desert,Moss Biocrust 03,SRX11504750,USA,North America,USA: White Sands National Park,Illumina MiSeq,32.73 N 106.22 W,WHSMO00,PAIRED,PCR,METAGENOMIC,soil metagenome,ILLUMINA,2021-07-20T00:00:00Z,Rep 3 Duplicate,2021-07-20T13:16:00Z,1,Sterile metal spatula,WHSMO00,Gypsum,SRP329112
SRR15198092,AMPLICON,602,33396552,PRJNA748083,SAMN20296500,"MIMS.me,MIGS/MIMS/MIMARKS.soil",15885013,NEW MEXICO STATE UNIVERSITY,2020-07-17,public,"sra,fastq,run.zq","s3,gs,ncbi","ncbi.public,gs.US,s3.us-east-1",Surface,1213.0,Chihuahuan Desert,Chihuahuan Desert,Moss Biocrust 01,SRX11504749,USA,North America,USA: White Sands National Park,Illumina MiSeq,32.73 N 106.22 W,WHSMO0,PAIRED,PCR,METAGENOMIC,soil metagenome,ILLUMINA,2021-07-20T00:00:00Z,Rep 1 Duplicate,2021-07-20T13:16:00Z,1,Sterile metal spatula,WHSMO0,Gypsum,SRP329112
SRR15198093,AMPLICON,602,26261046,PRJNA748083,SAMN20296499,"MIMS.me,MIGS/MIMS/MIMARKS.soil",12491976,NEW MEXICO STATE UNIVERSITY,2020-07-17,public,"sra,run.zq,fastq","ncbi,gs,s3","ncbi.public,gs.US,s3.us-east-1",Surface,1213.0,Chihuahuan Desert,Chihuahuan Desert,Light Cyanobaterial Biocrust 5,SRX11504748,USA,North America,USA: White Sands National Park,Illumina MiSeq,32.73 N 106.22 W,WHSLA5,PAIRED,PCR,METAGENOMIC,soil metagenome,ILLUMINA,2021-07-20T00:00:00Z,Rep 5,2021-07-20T13:17:00Z,1,Sterile metal spatula,WHSLA5,Gypsum,SRP329112
SRR15198094,AMPLICON,602,34138818,PRJNA748083,SAMN20296498,"MIMS.me,MIGS/MIMS/MIMARKS.soil",16129769,NEW MEXICO STATE UNIVERSITY,2020-07-17,public,"sra,fastq,run.zq","gs,s3,ncbi","ncbi.public,gs.US,s3.us-east-1",Surface,1213.0,Chihuahuan Desert,Chihuahuan Desert,Light Cyanobaterial Biocrust 4,SRX11504747,USA,North America,USA: White Sands National Park,Illumina MiSeq,32.73 N 106.22 W,WHSLA4,PAIRED,PCR,METAGENOMIC,soil metagenome,ILLUMINA,2021-07-20T00:00:00Z,Rep 4,2021-07-20T13:17:00Z,1,Sterile metal spatula,WHSLA4,Gypsum,SRP329112
SRR15198095,AMPLICON,602,36236186,PRJNA748083,SAMN20296497,"MIMS.me,MIGS/MIMS/MIMARKS.soil",17492312,NEW MEXICO STATE UNIVERSITY,2020-07-17,public,"sra,run.zq,fastq","gs,ncbi,s3","ncbi.public,gs.US,s3.us-east-1",Surface,1213.0,Chihuahuan Desert,Chihuahuan Desert,Light Cyanobaterial Biocrust 3,SRX11504746,USA,North America,USA: White Sands National Park,Illumina MiSeq,32.73 N 106.22 W,WHSLA3,PAIRED,PCR,METAGENOMIC,soil metagenome,ILLUMINA,2021-07-20T00:00:00Z,Rep 3,2021-07-20T13:17:00Z,1,Sterile metal spatula,WHSLA3,Gypsum,SRP329112
SRR15198096,AMPLICON,602,36596182,PRJNA748083,SAMN20296496,"MIMS.me,MIGS/MIMS/MIMARKS.soil",17863462,NEW MEXICO STATE UNIVERSITY,2020-07-17,public,"fastq,sra,run.zq","ncbi,gs,s3","s3.us-east-1,ncbi.public,gs.US",Surface,1213.0,Chihuahuan Desert,Chihuahuan Desert,Light Cyanobaterial Biocrust 2,SRX11504745,USA,North America,USA: White Sands National Park,Illumina MiSeq,32.73 N 106.22 W,WHSLA2,PAIRED,PCR,METAGENOMIC,soil metagenome,ILLUMINA,2021-07-20T00:00:00Z,Rep 2,2021-07-20T13:17:00Z,1,Sterile metal spatula,WHSLA2,Gypsum,SRP329112
SRR15198097,AMPLICON,602,31313030,PRJNA748083,SAMN20296415,"MIMS.me,MIGS/MIMS/MIMARKS.soil",14943448,NEW MEXICO STATE UNIVERSITY,2020-03-14,public,"fastq,sra,run.zq","ncbi,s3,gs","s3.us-east-1,gs.US,ncbi.public",Surface,1296.0,Chihuahuan Desert,Chihuahuan Desert,Dark Cyanobacterial Biocrust 5,SRX11504744,USA,North America,USA: Tortugas Mountain,Illumina MiSeq,32.30 N 106.70 W,AMTDA5,PAIRED,PCR,METAGENOMIC,soil metagenome,ILLUMINA,2021-07-20T00:00:00Z,Rep 5,2021-07-20T13:17:00Z,1,Sterile metal spatula,AMTDA5,Alluvial,SRP329112
SRR15198098,AMPLICON,602,39563440,PRJNA748083,SAMN20296495,"MIMS.me,MIGS/MIMS/MIMARKS.soil",19783938,NEW MEXICO STATE UNIVERSITY,2020-07-17,public,"fastq,sra,run.zq","gs,s3,ncbi","gs.US,ncbi.public,s3.us-east-1",Surface,1213.0,Chihuahuan Desert,Chihuahuan Desert,Light Cyanobaterial Biocrust 1,SRX11504743,USA,North America,USA: White Sands National Park,Illumina MiSeq,32.73 N 106.22 W,WHSLA1,PAIRED,PCR,METAGENOMIC,soil metagenome,ILLUMINA,2021-07-20T00:00:00Z,Rep 1,2021-07-20T13:17:00Z,1,Sterile metal spatula,WHSLA1,Gypsum,SRP329112
SRR15198099,AMPLICON,602,23899400,PRJNA748083,SAMN20296494,"MIMS.me,MIGS/MIMS/MIMARKS.soil",11621117,NEW MEXICO STATE UNIVERSITY,2020-07-17,public,"sra,run.zq,fastq","ncbi,gs,s3","s3.us-east-1,ncbi.public,gs.US",Surface,1213.0,Chihuahuan Desert,Chihuahuan Desert,Dark Cyanobacterial Biocrust 5,SRX11504742,USA,North America,USA: White Sands National Park,Illumina MiSeq,32.73 N 106.22 W,WHSDA5,PAIRED,PCR,METAGENOMIC,soil metagenome,ILLUMINA,2021-07-20T00:00:00Z,Rep 5,2021-07-20T13:17:00Z,1,Sterile metal spatula,WHSDA5,Gypsum,SRP329112
SRR15198100,AMPLICON,602,40041428,PRJNA748083,SAMN20296493,"MIMS.me,MIGS/MIMS/MIMARKS.soil",18937749,NEW MEXICO STATE UNIVERSITY,2020-07-17,public,"sra,fastq,run.zq","s3,gs,ncbi","gs.US,ncbi.public,s3.us-east-1",Surface,1213.0,Chihuahuan Desert,Chihuahuan Desert,Dark Cyanobacterial Biocrust 4,SRX11504741,USA,North America,USA: White Sands National Park,Illumina MiSeq,32.73 N 106.22 W,WHSDA4,PAIRED,PCR,METAGENOMIC,soil metagenome,ILLUMINA,2021-07-20T00:00:00Z,Rep 4,2021-07-20T13:17:00Z,1,Sterile metal spatula,WHSDA4,Gypsum,SRP329112
SRR15198101,AMPLICON,602,35947828,PRJNA748083,SAMN20296492,"MIMS.me,MIGS/MIMS/MIMARKS.soil",17434410,NEW MEXICO STATE UNIVERSITY,2020-07-17,public,"sra,fastq,run.zq","gs,ncbi,s3","s3.us-east-1,ncbi.public,gs.US",Surface,1213.0,Chihuahuan Desert,Chihuahuan Desert,Dark Cyanobacterial Biocrust 3,SRX11504740,USA,North America,USA: White Sands National Park,Illumina MiSeq,32.73 N 106.22 W,WHSDA3,PAIRED,PCR,METAGENOMIC,soil metagenome,ILLUMINA,2021-07-20T00:00:00Z,Rep 3,2021-07-20T13:17:00Z,1,Sterile metal spatula,WHSDA3,Gypsum,SRP329112
SRR15198102,AMPLICON,602,55308750,PRJNA748083,SAMN20296491,"MIMS.me,MIGS/MIMS/MIMARKS.soil",26634741,NEW MEXICO STATE UNIVERSITY,2020-07-17,public,"fastq,run.zq,sra","gs,ncbi,s3","gs.US,ncbi.public,s3.us-east-1",Surface,1213.0,Chihuahuan Desert,Chihuahuan Desert,Dark Cyanobacterial Biocrust 2,SRX11504739,USA,North America,USA: White Sands National Park,Illumina MiSeq,32.73 N 106.22 W,WHSDA2,PAIRED,PCR,METAGENOMIC,soil metagenome,ILLUMINA,2021-07-20T00:00:00Z,Rep 2,2021-07-20T13:17:00Z,1,Sterile metal spatula,WHSDA2,Gypsum,SRP329112
SRR15198103,AMPLICON,602,34958742,PRJNA748083,SAMN20296490,"MIMS.me,MIGS/MIMS/MIMARKS.soil",17522136,NEW MEXICO STATE UNIVERSITY,2020-07-17,public,"fastq,sra,run.zq","gs,s3,ncbi","ncbi.public,s3.us-east-1,gs.US",Surface,1213.0,Chihuahuan Desert,Chihuahuan Desert,Dark Cyanobacterial Biocrust 1,SRX11504738,USA,North America,USA: White Sands National Park,Illumina MiSeq,32.73 N 106.22 W,WHSDA1,PAIRED,PCR,METAGENOMIC,soil metagenome,ILLUMINA,2021-07-20T00:00:00Z,Rep 1,2021-07-20T13:17:00Z,1,Sterile metal spatula,WHSDA1,Gypsum,SRP329112
SRR15198104,AMPLICON,602,24619994,PRJNA748083,SAMN20296489,"MIMS.me,MIGS/MIMS/MIMARKS.soil",11805421,NEW MEXICO STATE UNIVERSITY,2020-07-17,public,"run.zq,fastq,sra","s3,gs,ncbi","gs.US,s3.us-east-1,ncbi.public",Surface,1213.0,Chihuahuan Desert,Chihuahuan Desert,Clavascidium Lichen Biocrust 5,SRX11504737,USA,North America,USA: White Sands National Park,Illumina MiSeq,32.73 N 106.22 W,WHSCL5,PAIRED,PCR,METAGENOMIC,soil metagenome,ILLUMINA,2021-07-20T00:00:00Z,Rep 5,2021-07-20T13:17:00Z,1,Sterile metal spatula,WHSCL5,Gypsum,SRP329112
SRR15198105,AMPLICON,602,25731286,PRJNA748083,SAMN20296488,"MIMS.me,MIGS/MIMS/MIMARKS.soil",12348401,NEW MEXICO STATE UNIVERSITY,2020-07-17,public,"sra,run.zq,fastq","s3,gs,ncbi","gs.US,ncbi.public,s3.us-east-1",Surface,1213.0,Chihuahuan Desert,Chihuahuan Desert,Clavascidium Lichen Biocrust 4,SRX11504736,USA,North America,USA: White Sands National Park,Illumina MiSeq,32.73 N 106.22 W,WHSCL4,PAIRED,PCR,METAGENOMIC,soil metagenome,ILLUMINA,2021-07-20T00:00:00Z,Rep 4,2021-07-20T13:17:00Z,1,Sterile metal spatula,WHSCL4,Gypsum,SRP329112
SRR15198106,AMPLICON,602,40756604,PRJNA748083,SAMN20296487,"MIMS.me,MIGS/MIMS/MIMARKS.soil",19666842,NEW MEXICO STATE UNIVERSITY,2020-07-17,public,"sra,fastq,run.zq","ncbi,gs,s3","gs.US,ncbi.public,s3.us-east-1",Surface,1213.0,Chihuahuan Desert,Chihuahuan Desert,Clavascidium Lichen Biocrust 3,SRX11504735,USA,North America,USA: White Sands National Park,Illumina MiSeq,32.73 N 106.22 W,WHSCL3,PAIRED,PCR,METAGENOMIC,soil metagenome,ILLUMINA,2021-07-20T00:00:00Z,Rep 3,2021-07-20T13:18:00Z,1,Sterile metal spatula,WHSCL3,Gypsum,SRP329112
SRR15198107,AMPLICON,602,15838620,PRJNA748083,SAMN20296486,"MIMS.me,MIGS/MIMS/MIMARKS.soil",7820122,NEW MEXICO STATE UNIVERSITY,2020-07-17,public,"sra,run.zq,fastq","gs,s3,ncbi","ncbi.public,s3.us-east-1,gs.US",Surface,1213.0,Chihuahuan Desert,Chihuahuan Desert,Clavascidium Lichen Biocrust 2,SRX11504734,USA,North America,USA: White Sands National Park,Illumina MiSeq,32.73 N 106.22 W,WHSCL2,PAIRED,PCR,METAGENOMIC,soil metagenome,ILLUMINA,2021-07-20T00:00:00Z,Rep 2,2021-07-20T13:17:00Z,1,Sterile metal spatula,WHSCL2,Gypsum,SRP329112
SRR15198108,AMPLICON,602,26362182,PRJNA748083,SAMN20296414,"MIMS.me,MIGS/MIMS/MIMARKS.soil",12577555,NEW MEXICO STATE UNIVERSITY,2020-03-14,public,"run.zq,sra,fastq","gs,ncbi,s3","gs.US,s3.us-east-1,ncbi.public",Surface,1296.0,Chihuahuan Desert,Chihuahuan Desert,Dark Cyanobacterial Biocrust 4,SRX11504733,USA,North America,USA: Tortugas Mountain,Illumina MiSeq,32.30 N 106.70 W,AMTDA4,PAIRED,PCR,METAGENOMIC,soil metagenome,ILLUMINA,2021-07-20T00:00:00Z,Rep 4,2021-07-20T13:17:00Z,1,Sterile metal spatula,AMTDA4,Alluvial,SRP329112
SRR15198109,AMPLICON,602,30780260,PRJNA748083,SAMN20296485,"MIMS.me,MIGS/MIMS/MIMARKS.soil",14887758,NEW MEXICO STATE UNIVERSITY,2020-07-17,public,"run.zq,fastq,sra","gs,s3,ncbi","gs.US,s3.us-east-1,ncbi.public",Surface,1213.0,Chihuahuan Desert,Chihuahuan Desert,Clavascidium Lichen Biocrust 1,SRX11504732,USA,North America,USA: White Sands National Park,Illumina MiSeq,32.73 N 106.22 W,WHSCL1,PAIRED,PCR,METAGENOMIC,soil metagenome,ILLUMINA,2021-07-20T00:00:00Z,Rep 1,2021-07-20T13:18:00Z,1,Sterile metal spatula,WHSCL1,Gypsum,SRP329112
SRR15198110,AMPLICON,602,24784942,PRJNA748083,SAMN20296484,"MIMS.me,MIGS/MIMS/MIMARKS.soil",11783477,NEW MEXICO STATE UNIVERSITY,2020-05-29,public,"sra,fastq,run.zq","s3,ncbi,gs","ncbi.public,gs.US,s3.us-east-1",Surface,1307.0,Chihuahuan Desert,Chihuahuan Desert,Peltula Lichen Biocrust 5,SRX11504731,USA,North America,USA: Portrillo Basalt Field,Illumina MiSeq,32.11 N 107.02 W,VOLPT5,PAIRED,PCR,METAGENOMIC,soil metagenome,ILLUMINA,2021-07-20T00:00:00Z,Rep 5,2021-07-20T13:18:00Z,1,Sterile metal spatula,VOLPT5,Captured Dust,SRP329112
SRR15198111,AMPLICON,602,34048518,PRJNA748083,SAMN20296483,"MIMS.me,MIGS/MIMS/MIMARKS.soil",15978983,NEW MEXICO STATE UNIVERSITY,2020-05-29,public,"run.zq,fastq,sra","s3,ncbi,gs","ncbi.public,gs.US,s3.us-east-1",Surface,1307.0,Chihuahuan Desert,Chihuahuan Desert,Peltula Lichen Biocrust 4,SRX11504730,USA,North America,USA: Portrillo Basalt Field,Illumina MiSeq,32.11 N 107.02 W,VOLPT4,PAIRED,PCR,METAGENOMIC,soil metagenome,ILLUMINA,2021-07-20T00:00:00Z,Rep 4,2021-07-20T13:18:00Z,1,Sterile metal spatula,VOLPT4,Captured Dust,SRP329112
SRR15198112,AMPLICON,602,27947248,PRJNA748083,SAMN20296482,"MIMS.me,MIGS/MIMS/MIMARKS.soil",13343835,NEW MEXICO STATE UNIVERSITY,2020-05-29,public,"sra,fastq,run.zq","s3,gs,ncbi","gs.US,s3.us-east-1,ncbi.public",Surface,1307.0,Chihuahuan Desert,Chihuahuan Desert,Peltula Lichen Biocrust 3,SRX11504729,USA,North America,USA: Portrillo Basalt Field,Illumina MiSeq,32.11 N 107.02 W,VOLPT3,PAIRED,PCR,METAGENOMIC,soil metagenome,ILLUMINA,2021-07-20T00:00:00Z,Rep 3,2021-07-20T13:18:00Z,1,Sterile metal spatula,VOLPT3,Captured Dust,SRP329112
SRR15198113,AMPLICON,602,52124772,PRJNA748083,SAMN20296481,"MIMS.me,MIGS/MIMS/MIMARKS.soil",24671242,NEW MEXICO STATE UNIVERSITY,2020-05-29,public,"fastq,sra,run.zq","ncbi,gs,s3","gs.US,ncbi.public,s3.us-east-1",Surface,1307.0,Chihuahuan Desert,Chihuahuan Desert,Peltula Lichen Biocrust 2,SRX11504728,USA,North America,USA: Portrillo Basalt Field,Illumina MiSeq,32.11 N 107.02 W,VOLPT2,PAIRED,PCR,METAGENOMIC,soil metagenome,ILLUMINA,2021-07-20T00:00:00Z,Rep 2,2021-07-20T13:18:00Z,1,Sterile metal spatula,VOLPT2,Captured Dust,SRP329112
SRR15198114,AMPLICON,602,7944594,PRJNA748083,SAMN20296480,"MIMS.me,MIGS/MIMS/MIMARKS.soil",4370840,NEW MEXICO STATE UNIVERSITY,2020-05-29,public,"sra,run.zq,fastq","ncbi,s3,gs","gs.US,ncbi.public,s3.us-east-1",Surface,1307.0,Chihuahuan Desert,Chihuahuan Desert,Peltula Lichen Biocrust 1,SRX11504727,USA,North America,USA: Portrillo Basalt Field,Illumina MiSeq,32.11 N 107.02 W,VOLPT1,PAIRED,PCR,METAGENOMIC,soil metagenome,ILLUMINA,2021-07-20T00:00:00Z,Rep 1,2021-07-20T13:18:00Z,1,Sterile metal spatula,VOLPT1,Captured Dust,SRP329112
SRR15198115,AMPLICON,602,20123054,PRJNA748083,SAMN20296479,"MIMS.me,MIGS/MIMS/MIMARKS.soil",9528516,NEW MEXICO STATE UNIVERSITY,2020-05-29,public,"run.zq,fastq,sra","gs,s3,ncbi","ncbi.public,gs.US,s3.us-east-1",Surface,1307.0,Chihuahuan Desert,Chihuahuan Desert,Peltula Lichen Biocrust 03,SRX11504726,USA,North America,USA: Portrillo Basalt Field,Illumina MiSeq,32.11 N 107.02 W,VOLPT0,PAIRED,PCR,METAGENOMIC,soil metagenome,ILLUMINA,2021-07-20T00:00:00Z,Rep 3 Duplicate,2021-07-20T13:18:00Z,1,Sterile metal spatula,VOLPT0,Captured Dust,SRP329112
SRR15198116,AMPLICON,602,24348492,PRJNA748083,SAMN20296478,"MIMS.me,MIGS/MIMS/MIMARKS.soil",11508622,NEW MEXICO STATE UNIVERSITY,2020-05-29,public,"fastq,run.zq,sra","ncbi,gs,s3","ncbi.public,s3.us-east-1,gs.US",Surface,1307.0,Chihuahuan Desert,Chihuahuan Desert,Moss Biocrust 5,SRX11504725,USA,North America,USA: Portrillo Basalt Field,Illumina MiSeq,32.11 N 107.02 W,VOLMO5,PAIRED,PCR,METAGENOMIC,soil metagenome,ILLUMINA,2021-07-20T00:00:00Z,Rep 5,2021-07-20T13:18:00Z,1,Sterile metal spatula,VOLMO5,Captured Dust,SRP329112
SRR15198117,AMPLICON,602,38540642,PRJNA748083,SAMN20296477,"MIMS.me,MIGS/MIMS/MIMARKS.soil",17847186,NEW MEXICO STATE UNIVERSITY,2020-05-29,public,"fastq,sra,run.zq","gs,ncbi,s3","gs.US,ncbi.public,s3.us-east-1",Surface,1307.0,Chihuahuan Desert,Chihuahuan Desert,Moss Biocrust 4,SRX11504724,USA,North America,USA: Portrillo Basalt Field,Illumina MiSeq,32.11 N 107.02 W,VOLMO4,PAIRED,PCR,METAGENOMIC,soil metagenome,ILLUMINA,2021-07-20T00:00:00Z,Rep 4,2021-07-20T13:18:00Z,1,Sterile metal spatula,VOLMO4,Captured Dust,SRP329112
SRR15198118,AMPLICON,602,31050558,PRJNA748083,SAMN20296476,"MIMS.me,MIGS/MIMS/MIMARKS.soil",14725152,NEW MEXICO STATE UNIVERSITY,2020-05-29,public,"run.zq,fastq,sra","s3,gs,ncbi","s3.us-east-1,ncbi.public,gs.US",Surface,1307.0,Chihuahuan Desert,Chihuahuan Desert,Moss Biocrust 3,SRX11504723,USA,North America,USA: Portrillo Basalt Field,Illumina MiSeq,32.11 N 107.02 W,VOLMO3,PAIRED,PCR,METAGENOMIC,soil metagenome,ILLUMINA,2021-07-20T00:00:00Z,Rep 3,2021-07-20T13:18:00Z,1,Sterile metal spatula,VOLMO3,Captured Dust,SRP329112
SRR15198119,AMPLICON,602,42293510,PRJNA748083,SAMN20296413,"MIMS.me,MIGS/MIMS/MIMARKS.soil",19999400,NEW MEXICO STATE UNIVERSITY,2020-03-14,public,"run.zq,sra,fastq","ncbi,gs,s3","s3.us-east-1,gs.US,ncbi.public",Surface,1296.0,Chihuahuan Desert,Chihuahuan Desert,Dark Cyanobacterial Biocrust 3,SRX11504722,USA,North America,USA: Tortugas Mountain,Illumina MiSeq,32.30 N 106.70 W,AMTDA3,PAIRED,PCR,METAGENOMIC,soil metagenome,ILLUMINA,2021-07-20T00:00:00Z,Rep 3,2021-07-20T13:18:00Z,1,Sterile metal spatula,AMTDA3,Alluvial,SRP329112
SRR15198120,AMPLICON,602,49434434,PRJNA748083,SAMN20296475,"MIMS.me,MIGS/MIMS/MIMARKS.soil",23416137,NEW MEXICO STATE UNIVERSITY,2020-05-29,public,"fastq,run.zq,sra","gs,s3,ncbi","ncbi.public,gs.US,s3.us-east-1",Surface,1307.0,Chihuahuan Desert,Chihuahuan Desert,Moss Biocrust 2,SRX11504721,USA,North America,USA: Portrillo Basalt Field,Illumina MiSeq,32.11 N 107.02 W,VOLMO2,PAIRED,PCR,METAGENOMIC,soil metagenome,ILLUMINA,2021-07-20T00:00:00Z,Rep 2,2021-07-20T13:18:00Z,1,Sterile metal spatula,VOLMO2,Captured Dust,SRP329112
SRR15198121,AMPLICON,602,35283822,PRJNA748083,SAMN20296474,"MIMS.me,MIGS/MIMS/MIMARKS.soil",16668890,NEW MEXICO STATE UNIVERSITY,2020-05-29,public,"sra,run.zq,fastq","ncbi,gs,s3","gs.US,ncbi.public,s3.us-east-1",Surface,1307.0,Chihuahuan Desert,Chihuahuan Desert,Moss Biocrust 1,SRX11504720,USA,North America,USA: Portrillo Basalt Field,Illumina MiSeq,32.11 N 107.02 W,VOLMO1,PAIRED,PCR,METAGENOMIC,soil metagenome,ILLUMINA,2021-07-20T00:00:00Z,Rep 1,2021-07-20T13:18:00Z,1,Sterile metal spatula,VOLMO1,Captured Dust,SRP329112
SRR15198122,AMPLICON,602,43439718,PRJNA748083,SAMN20296473,"MIMS.me,MIGS/MIMS/MIMARKS.soil",20383712,NEW MEXICO STATE UNIVERSITY,2020-05-29,public,"sra,fastq,run.zq","gs,ncbi,s3","s3.us-east-1,gs.US,ncbi.public",Surface,1307.0,Chihuahuan Desert,Chihuahuan Desert,Light Cyanobaterial Biocrust 5,SRX11504719,USA,North America,USA: Portrillo Basalt Field,Illumina MiSeq,32.11 N 107.02 W,VOLLA5,PAIRED,PCR,METAGENOMIC,soil metagenome,ILLUMINA,2021-07-20T00:00:00Z,Rep 5,2021-07-20T13:18:00Z,1,Sterile metal spatula,VOLLA5,Captured Dust,SRP329112
SRR15198123,AMPLICON,602,38083724,PRJNA748083,SAMN20296472,"MIMS.me,MIGS/MIMS/MIMARKS.soil",17878356,NEW MEXICO STATE UNIVERSITY,2020-05-29,public,"fastq,sra,run.zq","s3,gs,ncbi","ncbi.public,s3.us-east-1,gs.US",Surface,1307.0,Chihuahuan Desert,Chihuahuan Desert,Light Cyanobaterial Biocrust 4,SRX11504718,USA,North America,USA: Portrillo Basalt Field,Illumina MiSeq,32.11 N 107.02 W,VOLLA4,PAIRED,PCR,METAGENOMIC,soil metagenome,ILLUMINA,2021-07-20T00:00:00Z,Rep 4,2021-07-20T13:18:00Z,1,Sterile metal spatula,VOLLA4,Captured Dust,SRP329112
SRR15198124,AMPLICON,602,32746994,PRJNA748083,SAMN20296471,"MIMS.me,MIGS/MIMS/MIMARKS.soil",15378000,NEW MEXICO STATE UNIVERSITY,2020-05-29,public,"sra,fastq,run.zq","s3,gs,ncbi","ncbi.public,s3.us-east-1,gs.US",Surface,1307.0,Chihuahuan Desert,Chihuahuan Desert,Light Cyanobaterial Biocrust 3,SRX11504717,USA,North America,USA: Portrillo Basalt Field,Illumina MiSeq,32.11 N 107.02 W,VOLLA3,PAIRED,PCR,METAGENOMIC,soil metagenome,ILLUMINA,2021-07-20T00:00:00Z,Rep 3,2021-07-20T13:18:00Z,1,Sterile metal spatula,VOLLA3,Captured Dust,SRP329112
SRR15198125,AMPLICON,602,41225562,PRJNA748083,SAMN20296470,"MIMS.me,MIGS/MIMS/MIMARKS.soil",19538542,NEW MEXICO STATE UNIVERSITY,2020-05-29,public,"sra,fastq,run.zq","gs,ncbi,s3","gs.US,ncbi.public,s3.us-east-1",Surface,1307.0,Chihuahuan Desert,Chihuahuan Desert,Light Cyanobaterial Biocrust 2,SRX11504716,USA,North America,USA: Portrillo Basalt Field,Illumina MiSeq,32.11 N 107.02 W,VOLLA2,PAIRED,PCR,METAGENOMIC,soil metagenome,ILLUMINA,2021-07-20T00:00:00Z,Rep 2,2021-07-20T13:18:00Z,1,Sterile metal spatula,VOLLA2,Captured Dust,SRP329112
SRR15198126,AMPLICON,602,31910214,PRJNA748083,SAMN20296469,"MIMS.me,MIGS/MIMS/MIMARKS.soil",15148080,NEW MEXICO STATE UNIVERSITY,2020-05-29,public,"run.zq,fastq,sra","s3,ncbi,gs","ncbi.public,gs.US,s3.us-east-1",Surface,1307.0,Chihuahuan Desert,Chihuahuan Desert,Light Cyanobaterial Biocrust 1,SRX11504715,USA,North America,USA: Portrillo Basalt Field,Illumina MiSeq,32.11 N 107.02 W,VOLLA1,PAIRED,PCR,METAGENOMIC,soil metagenome,ILLUMINA,2021-07-20T00:00:00Z,Rep 1,2021-07-20T13:18:00Z,1,Sterile metal spatula,VOLLA1,Captured Dust,SRP329112
SRR15198127,AMPLICON,602,35310310,PRJNA748083,SAMN20296468,"MIMS.me,MIGS/MIMS/MIMARKS.soil",16967691,NEW MEXICO STATE UNIVERSITY,2020-05-29,public,"run.zq,sra,fastq","gs,s3,ncbi","gs.US,ncbi.public,s3.us-east-1",Surface,1307.0,Chihuahuan Desert,Chihuahuan Desert,Dark Cyanobacterial Biocrust 5,SRX11504714,USA,North America,USA: Portrillo Basalt Field,Illumina MiSeq,32.11 N 107.02 W,VOLDA5,PAIRED,PCR,METAGENOMIC,soil metagenome,ILLUMINA,2021-07-20T00:00:00Z,Rep 5,2021-07-20T13:18:00Z,1,Sterile metal spatula,VOLDA5,Captured Dust,SRP329112
SRR15198128,AMPLICON,602,36762334,PRJNA748083,SAMN20296467,"MIMS.me,MIGS/MIMS/MIMARKS.soil",17086450,NEW MEXICO STATE UNIVERSITY,2020-05-29,public,"fastq,sra,run.zq","gs,s3,ncbi","s3.us-east-1,gs.US,ncbi.public",Surface,1307.0,Chihuahuan Desert,Chihuahuan Desert,Dark Cyanobacterial Biocrust 4,SRX11504713,USA,North America,USA: Portrillo Basalt Field,Illumina MiSeq,32.11 N 107.02 W,VOLDA4,PAIRED,PCR,METAGENOMIC,soil metagenome,ILLUMINA,2021-07-20T00:00:00Z,Rep 4,2021-07-20T13:18:00Z,1,Sterile metal spatula,VOLDA4,Captured Dust,SRP329112
SRR15198129,AMPLICON,602,38491278,PRJNA748083,SAMN20296466,"MIMS.me,MIGS/MIMS/MIMARKS.soil",18285858,NEW MEXICO STATE UNIVERSITY,2020-05-29,public,"sra,fastq,run.zq","s3,gs,ncbi","gs.US,ncbi.public,s3.us-east-1",Surface,1307.0,Chihuahuan Desert,Chihuahuan Desert,Dark Cyanobacterial Biocrust 3,SRX11504712,USA,North America,USA: Portrillo Basalt Field,Illumina MiSeq,32.11 N 107.02 W,VOLDA3,PAIRED,PCR,METAGENOMIC,soil metagenome,ILLUMINA,2021-07-20T00:00:00Z,Rep 3,2021-07-20T13:18:00Z,1,Sterile metal spatula,VOLDA3,Captured Dust,SRP329112
SRR15198130,AMPLICON,602,19645668,PRJNA748083,SAMN20296412,"MIMS.me,MIGS/MIMS/MIMARKS.soil",9456249,NEW MEXICO STATE UNIVERSITY,2020-03-14,public,"fastq,sra,run.zq","s3,gs,ncbi","ncbi.public,gs.US,s3.us-east-1",Surface,1296.0,Chihuahuan Desert,Chihuahuan Desert,Dark Cyanobacterial Biocrust 2,SRX11504711,USA,North America,USA: Tortugas Mountain,Illumina MiSeq,32.30 N 106.70 W,AMTDA2,PAIRED,PCR,METAGENOMIC,soil metagenome,ILLUMINA,2021-07-20T00:00:00Z,Rep 2,2021-07-20T13:18:00Z,1,Sterile metal spatula,AMTDA2,Alluvial,SRP329112
SRR15198131,AMPLICON,602,39435214,PRJNA748083,SAMN20296465,"MIMS.me,MIGS/MIMS/MIMARKS.soil",18729560,NEW MEXICO STATE UNIVERSITY,2020-05-29,public,"fastq,run.zq,sra","gs,s3,ncbi","ncbi.public,s3.us-east-1,gs.US",Surface,1307.0,Chihuahuan Desert,Chihuahuan Desert,Dark Cyanobacterial Biocrust 2,SRX11504710,USA,North America,USA: Portrillo Basalt Field,Illumina MiSeq,32.11 N 107.02 W,VOLDA2,PAIRED,PCR,METAGENOMIC,soil metagenome,ILLUMINA,2021-07-20T00:00:00Z,Rep 2,2021-07-20T13:19:00Z,1,Sterile metal spatula,VOLDA2,Captured Dust,SRP329112
SRR15198132,AMPLICON,602,35023156,PRJNA748083,SAMN20296464,"MIMS.me,MIGS/MIMS/MIMARKS.soil",17701013,NEW MEXICO STATE UNIVERSITY,2020-05-29,public,"run.zq,sra,fastq","ncbi,gs,s3","ncbi.public,gs.US,s3.us-east-1",Surface,1307.0,Chihuahuan Desert,Chihuahuan Desert,Dark Cyanobacterial Biocrust 1,SRX11504709,USA,North America,USA: Portrillo Basalt Field,Illumina MiSeq,32.11 N 107.02 W,VOLDA1,PAIRED,PCR,METAGENOMIC,soil metagenome,ILLUMINA,2021-07-20T00:00:00Z,Rep 1,2021-07-20T13:19:00Z,1,Sterile metal spatula,VOLDA1,Captured Dust,SRP329112
SRR15198133,AMPLICON,602,38888598,PRJNA748083,SAMN20296463,"MIMS.me,MIGS/MIMS/MIMARKS.soil",18299393,NEW MEXICO STATE UNIVERSITY,2020-05-29,public,"fastq,run.zq,sra","ncbi,gs,s3","gs.US,s3.us-east-1,ncbi.public",Surface,1307.0,Chihuahuan Desert,Chihuahuan Desert,Clavascidium Lichen Biocrust 5,SRX11504708,USA,North America,USA: Portrillo Basalt Field,Illumina MiSeq,32.11 N 107.02 W,VOLCL5,PAIRED,PCR,METAGENOMIC,soil metagenome,ILLUMINA,2021-07-20T00:00:00Z,Rep 5,2021-07-20T13:19:00Z,1,Sterile metal spatula,VOLCL5,Captured Dust,SRP329112
SRR15198134,AMPLICON,602,37909746,PRJNA748083,SAMN20296462,"MIMS.me,MIGS/MIMS/MIMARKS.soil",17815844,NEW MEXICO STATE UNIVERSITY,2020-05-29,public,"sra,run.zq,fastq","gs,s3,ncbi","gs.US,ncbi.public,s3.us-east-1",Surface,1307.0,Chihuahuan Desert,Chihuahuan Desert,Clavascidium Lichen Biocrust 4,SRX11504707,USA,North America,USA: Portrillo Basalt Field,Illumina MiSeq,32.11 N 107.02 W,VOLCL4,PAIRED,PCR,METAGENOMIC,soil metagenome,ILLUMINA,2021-07-20T00:00:00Z,Rep 4,2021-07-20T13:19:00Z,1,Sterile metal spatula,VOLCL4,Captured Dust,SRP329112
SRR15198135,AMPLICON,602,37484132,PRJNA748083,SAMN20296461,"MIMS.me,MIGS/MIMS/MIMARKS.soil",17702618,NEW MEXICO STATE UNIVERSITY,2020-05-29,public,"sra,run.zq,fastq","s3,ncbi,gs","s3.us-east-1,ncbi.public,gs.US",Surface,1307.0,Chihuahuan Desert,Chihuahuan Desert,Clavascidium Lichen Biocrust 3,SRX11504706,USA,North America,USA: Portrillo Basalt Field,Illumina MiSeq,32.11 N 107.02 W,VOLCL3,PAIRED,PCR,METAGENOMIC,soil metagenome,ILLUMINA,2021-07-20T00:00:00Z,Rep 3,2021-07-20T13:19:00Z,1,Sterile metal spatula,VOLCL3,Captured Dust,SRP329112
SRR15198136,AMPLICON,602,44525124,PRJNA748083,SAMN20296460,"MIMS.me,MIGS/MIMS/MIMARKS.soil",21343389,NEW MEXICO STATE UNIVERSITY,2020-05-29,public,"fastq,run.zq,sra","s3,gs,ncbi","ncbi.public,gs.US,s3.us-east-1",Surface,1307.0,Chihuahuan Desert,Chihuahuan Desert,Clavascidium Lichen Biocrust 2,SRX11504705,USA,North America,USA: Portrillo Basalt Field,Illumina MiSeq,32.11 N 107.02 W,VOLCL2,PAIRED,PCR,METAGENOMIC,soil metagenome,ILLUMINA,2021-07-20T00:00:00Z,Rep 2,2021-07-20T13:19:00Z,1,Sterile metal spatula,VOLCL2,Captured Dust,SRP329112
SRR15198137,AMPLICON,602,27642034,PRJNA748083,SAMN20296459,"MIMS.me,MIGS/MIMS/MIMARKS.soil",13607482,NEW MEXICO STATE UNIVERSITY,2020-05-29,public,"fastq,run.zq,sra","gs,ncbi,s3","gs.US,ncbi.public,s3.us-east-1",Surface,1307.0,Chihuahuan Desert,Chihuahuan Desert,Clavascidium Lichen Biocrust 1,SRX11504704,USA,North America,USA: Portrillo Basalt Field,Illumina MiSeq,32.11 N 107.02 W,VOLCL1,PAIRED,PCR,METAGENOMIC,soil metagenome,ILLUMINA,2021-07-20T00:00:00Z,Rep 1,2021-07-20T13:19:00Z,1,Sterile metal spatula,VOLCL1,Captured Dust,SRP329112
SRR15198138,AMPLICON,602,25572960,PRJNA748083,SAMN20296458,"MIMS.me,MIGS/MIMS/MIMARKS.soil",11928543,NEW MEXICO STATE UNIVERSITY,2020-05-29,public,"sra,fastq,run.zq","s3,ncbi,gs","ncbi.public,s3.us-east-1,gs.US",Surface,1307.0,Chihuahuan Desert,Chihuahuan Desert,Clavascidium Lichen Biocrust 04,SRX11504703,USA,North America,USA: Portrillo Basalt Field,Illumina MiSeq,32.11 N 107.02 W,VOLCL0,PAIRED,PCR,METAGENOMIC,soil metagenome,ILLUMINA,2021-07-20T00:00:00Z,Rep 4 Duplicate,2021-07-20T13:19:00Z,1,Sterile metal spatula,VOLCL0,Captured Dust,SRP329112
SRR15198139,AMPLICON,602,38859702,PRJNA748083,SAMN20296457,"MIMS.me,MIGS/MIMS/MIMARKS.soil",19023359,NEW MEXICO STATE UNIVERSITY,2020-06-10,public,"fastq,run.zq,sra","s3,ncbi,gs","gs.US,s3.us-east-1,ncbi.public",Surface,1313.0,Chihuahuan Desert,Chihuahuan Desert,Peltula Lichen Biocrust 5,SRX11504702,USA,North America,USA: Jornada LTER,Illumina MiSeq,32.51 N 106.74 W,JERPT5,PAIRED,PCR,METAGENOMIC,soil metagenome,ILLUMINA,2021-07-20T00:00:00Z,Rep 5,2021-07-20T13:19:00Z,1,Sterile metal spatula,JERPT5,Alluvial,SRP329112
SRR15198140,AMPLICON,602,34338682,PRJNA748083,SAMN20296456,"MIMS.me,MIGS/MIMS/MIMARKS.soil",16392368,NEW MEXICO STATE UNIVERSITY,2020-06-10,public,"run.zq,sra,fastq","s3,gs,ncbi","gs.US,s3.us-east-1,ncbi.public",Surface,1313.0,Chihuahuan Desert,Chihuahuan Desert,Peltula Lichen Biocrust 4,SRX11504701,USA,North America,USA: Jornada LTER,Illumina MiSeq,32.51 N 106.74 W,JERPT4,PAIRED,PCR,METAGENOMIC,soil metagenome,ILLUMINA,2021-07-20T00:00:00Z,Rep 4,2021-07-20T13:19:00Z,1,Sterile metal spatula,JERPT4,Alluvial,SRP329112
SRR15198141,AMPLICON,602,72842,PRJNA748083,SAMN20296411,"MIMS.me,MIGS/MIMS/MIMARKS.soil",130566,NEW MEXICO STATE UNIVERSITY,2020-03-14,public,"fastq,sra,run.zq","s3,gs,ncbi","gs.US,s3.us-east-1,ncbi.public",Surface,1296.0,Chihuahuan Desert,Chihuahuan Desert,Dark Cyanobacterial Biocrust 1,SRX11504700,USA,North America,USA: Tortugas Mountain,Illumina MiSeq,32.30 N 106.70 W,AMTDA1,PAIRED,PCR,METAGENOMIC,soil metagenome,ILLUMINA,2021-07-20T00:00:00Z,Rep 1,2021-07-20T13:18:00Z,1,Sterile metal spatula,AMTDA1,Alluvial,SRP329112
SRR15198142,AMPLICON,602,39470732,PRJNA748083,SAMN20296455,"MIMS.me,MIGS/MIMS/MIMARKS.soil",19441052,NEW MEXICO STATE UNIVERSITY,2020-06-10,public,"sra,run.zq,fastq","s3,gs,ncbi","ncbi.public,gs.US,s3.us-east-1",Surface,1313.0,Chihuahuan Desert,Chihuahuan Desert,Peltula Lichen Biocrust 3,SRX11504699,USA,North America,USA: Jornada LTER,Illumina MiSeq,32.51 N 106.74 W,JERPT3,PAIRED,PCR,METAGENOMIC,soil metagenome,ILLUMINA,2021-07-20T00:00:00Z,Rep 3,2021-07-20T13:19:00Z,1,Sterile metal spatula,JERPT3,Alluvial,SRP329112
SRR15198143,AMPLICON,602,47050514,PRJNA748083,SAMN20296454,"MIMS.me,MIGS/MIMS/MIMARKS.soil",22735930,NEW MEXICO STATE UNIVERSITY,2020-06-10,public,"sra,fastq,run.zq","s3,ncbi,gs","s3.us-east-1,gs.US,ncbi.public",Surface,1313.0,Chihuahuan Desert,Chihuahuan Desert,Peltula Lichen Biocrust 2,SRX11504698,USA,North America,USA: Jornada LTER,Illumina MiSeq,32.51 N 106.74 W,JERPT2,PAIRED,PCR,METAGENOMIC,soil metagenome,ILLUMINA,2021-07-20T00:00:00Z,Rep 2,2021-07-20T13:19:00Z,1,Sterile metal spatula,JERPT2,Alluvial,SRP329112
SRR15198144,AMPLICON,602,39593540,PRJNA748083,SAMN20296453,"MIMS.me,MIGS/MIMS/MIMARKS.soil",19170379,NEW MEXICO STATE UNIVERSITY,2020-06-10,public,"sra,run.zq,fastq","gs,s3,ncbi","s3.us-east-1,gs.US,ncbi.public",Surface,1313.0,Chihuahuan Desert,Chihuahuan Desert,Peltula Lichen Biocrust 1,SRX11504697,USA,North America,USA: Jornada LTER,Illumina MiSeq,32.51 N 106.74 W,JERPT1,PAIRED,PCR,METAGENOMIC,soil metagenome,ILLUMINA,2021-07-20T00:00:00Z,Rep 1,2021-07-20T13:19:00Z,1,Sterile metal spatula,JERPT1,Alluvial,SRP329112
SRR15198145,AMPLICON,602,39542370,PRJNA748083,SAMN20296452,"MIMS.me,MIGS/MIMS/MIMARKS.soil",18840283,NEW MEXICO STATE UNIVERSITY,2020-06-10,public,"sra,fastq,run.zq","ncbi,gs,s3","gs.US,s3.us-east-1,ncbi.public",Surface,1313.0,Chihuahuan Desert,Chihuahuan Desert,Moss Biocrust 5,SRX11504696,USA,North America,USA: Jornada LTER,Illumina MiSeq,32.51 N 106.74 W,JERMO5,PAIRED,PCR,METAGENOMIC,soil metagenome,ILLUMINA,2021-07-20T00:00:00Z,Rep 5,2021-07-20T13:19:00Z,1,Sterile metal spatula,JERMO5,Alluvial,SRP329112
SRR15198146,AMPLICON,602,26844384,PRJNA748083,SAMN20296451,"MIMS.me,MIGS/MIMS/MIMARKS.soil",12802356,NEW MEXICO STATE UNIVERSITY,2020-06-10,public,"run.zq,fastq,sra","s3,ncbi,gs","gs.US,ncbi.public,s3.us-east-1",Surface,1313.0,Chihuahuan Desert,Chihuahuan Desert,Moss Biocrust 4,SRX11504695,USA,North America,USA: Jornada LTER,Illumina MiSeq,32.51 N 106.74 W,JERMO4,PAIRED,PCR,METAGENOMIC,soil metagenome,ILLUMINA,2021-07-20T00:00:00Z,Rep 4,2021-07-20T13:19:00Z,1,Sterile metal spatula,JERMO4,Alluvial,SRP329112
SRR15198147,AMPLICON,602,37200590,PRJNA748083,SAMN20296450,"MIMS.me,MIGS/MIMS/MIMARKS.soil",17616400,NEW MEXICO STATE UNIVERSITY,2020-06-10,public,"fastq,sra,run.zq","s3,gs,ncbi","ncbi.public,gs.US,s3.us-east-1",Surface,1313.0,Chihuahuan Desert,Chihuahuan Desert,Moss Biocrust 3,SRX11504694,USA,North America,USA: Jornada LTER,Illumina MiSeq,32.51 N 106.74 W,JERMO3,PAIRED,PCR,METAGENOMIC,soil metagenome,ILLUMINA,2021-07-20T00:00:00Z,Rep 3,2021-07-20T13:19:00Z,1,Sterile metal spatula,JERMO3,Alluvial,SRP329112
SRR15198148,AMPLICON,602,16656738,PRJNA748083,SAMN20296449,"MIMS.me,MIGS/MIMS/MIMARKS.soil",8189057,NEW MEXICO STATE UNIVERSITY,2020-06-10,public,"run.zq,fastq,sra","ncbi,gs,s3","gs.US,s3.us-east-1,ncbi.public",Surface,1313.0,Chihuahuan Desert,Chihuahuan Desert,Moss Biocrust 2,SRX11504693,USA,North America,USA: Jornada LTER,Illumina MiSeq,32.51 N 106.74 W,JERMO2,PAIRED,PCR,METAGENOMIC,soil metagenome,ILLUMINA,2021-07-20T00:00:00Z,Rep 2,2021-07-20T13:19:00Z,1,Sterile metal spatula,JERMO2,Alluvial,SRP329112
SRR15198149,AMPLICON,602,40174470,PRJNA748083,SAMN20296448,"MIMS.me,MIGS/MIMS/MIMARKS.soil",19274284,NEW MEXICO STATE UNIVERSITY,2020-06-10,public,"run.zq,fastq,sra","s3,gs,ncbi","gs.US,ncbi.public,s3.us-east-1",Surface,1313.0,Chihuahuan Desert,Chihuahuan Desert,Moss Biocrust 1,SRX11504692,USA,North America,USA: Jornada LTER,Illumina MiSeq,32.51 N 106.74 W,JERMO1,PAIRED,PCR,METAGENOMIC,soil metagenome,ILLUMINA,2021-07-20T00:00:00Z,Rep 1,2021-07-20T13:19:00Z,1,Sterile metal spatula,JERMO1,Alluvial,SRP329112
SRR15198150,AMPLICON,602,24950492,PRJNA748083,SAMN20296447,"MIMS.me,MIGS/MIMS/MIMARKS.soil",12153001,NEW MEXICO STATE UNIVERSITY,2020-06-10,public,"sra,fastq,run.zq","s3,gs,ncbi","s3.us-east-1,gs.US,ncbi.public",Surface,1313.0,Chihuahuan Desert,Chihuahuan Desert,Light Cyanobaterial Biocrust 5,SRX11504691,USA,North America,USA: Jornada LTER,Illumina MiSeq,32.51 N 106.74 W,JERLA5,PAIRED,PCR,METAGENOMIC,soil metagenome,ILLUMINA,2021-07-20T00:00:00Z,Rep 5,2021-07-20T13:19:00Z,1,Sterile metal spatula,JERLA5,Alluvial,SRP329112
SRR15198151,AMPLICON,602,34294134,PRJNA748083,SAMN20296446,"MIMS.me,MIGS/MIMS/MIMARKS.soil",16265561,NEW MEXICO STATE UNIVERSITY,2020-06-10,public,"run.zq,fastq,sra","gs,ncbi,s3","ncbi.public,gs.US,s3.us-east-1",Surface,1313.0,Chihuahuan Desert,Chihuahuan Desert,Light Cyanobaterial Biocrust 4,SRX11504690,USA,North America,USA: Jornada LTER,Illumina MiSeq,32.51 N 106.74 W,JERLA4,PAIRED,PCR,METAGENOMIC,soil metagenome,ILLUMINA,2021-07-20T00:00:00Z,Rep 4,2021-07-20T13:19:00Z,1,Sterile metal spatula,JERLA4,Alluvial,SRP329112
SRR15198152,AMPLICON,602,34245372,PRJNA748083,SAMN20296410,"MIMS.me,MIGS/MIMS/MIMARKS.soil",16332162,NEW MEXICO STATE UNIVERSITY,2020-03-14,public,"sra,fastq,run.zq","gs,s3,ncbi","ncbi.public,s3.us-east-1,gs.US",Surface,1296.0,Chihuahuan Desert,Chihuahuan Desert,Clavascidium Lichen Biocrust 5,SRX11504689,USA,North America,USA: Tortugas Mountain,Illumina MiSeq,32.30 N 106.70 W,AMTCL5,PAIRED,PCR,METAGENOMIC,soil metagenome,ILLUMINA,2021-07-20T00:00:00Z,Rep 5,2021-07-20T13:20:00Z,1,Sterile metal spatula,AMTCL5,Alluvial,SRP329112
SRR15198153,AMPLICON,602,23108372,PRJNA748083,SAMN20296445,"MIMS.me,MIGS/MIMS/MIMARKS.soil",11174360,NEW MEXICO STATE UNIVERSITY,2020-06-10,public,"run.zq,fastq,sra","ncbi,gs,s3","ncbi.public,s3.us-east-1,gs.US",Surface,1313.0,Chihuahuan Desert,Chihuahuan Desert,Light Cyanobaterial Biocrust 3,SRX11504688,USA,North America,USA: Jornada LTER,Illumina MiSeq,32.51 N 106.74 W,JERLA3,PAIRED,PCR,METAGENOMIC,soil metagenome,ILLUMINA,2021-07-20T00:00:00Z,Rep 3,2021-07-20T13:19:00Z,1,Sterile metal spatula,JERLA3,Alluvial,SRP329112
SRR15198154,AMPLICON,602,42566818,PRJNA748083,SAMN20296444,"MIMS.me,MIGS/MIMS/MIMARKS.soil",20299174,NEW MEXICO STATE UNIVERSITY,2020-06-10,public,"run.zq,sra,fastq","gs,s3,ncbi","gs.US,ncbi.public,s3.us-east-1",Surface,1313.0,Chihuahuan Desert,Chihuahuan Desert,Light Cyanobaterial Biocrust 2,SRX11504687,USA,North America,USA: Jornada LTER,Illumina MiSeq,32.51 N 106.74 W,JERLA2,PAIRED,PCR,METAGENOMIC,soil metagenome,ILLUMINA,2021-07-20T00:00:00Z,Rep 2,2021-07-20T13:19:00Z,1,Sterile metal spatula,JERLA2,Alluvial,SRP329112
SRR15198155,AMPLICON,602,64414,PRJNA748083,SAMN20296443,"MIMS.me,MIGS/MIMS/MIMARKS.soil",124109,NEW MEXICO STATE UNIVERSITY,2020-06-10,public,"fastq,sra,run.zq","gs,s3,ncbi","gs.US,ncbi.public,s3.us-east-1",Surface,1313.0,Chihuahuan Desert,Chihuahuan Desert,Light Cyanobaterial Biocrust 1,SRX11504686,USA,North America,USA: Jornada LTER,Illumina MiSeq,32.51 N 106.74 W,JERLA1,PAIRED,PCR,METAGENOMIC,soil metagenome,ILLUMINA,2021-07-20T00:00:00Z,Rep 1,2021-07-20T13:19:00Z,1,Sterile metal spatula,JERLA1,Alluvial,SRP329112
SRR15198156,AMPLICON,602,31589950,PRJNA748083,SAMN20296442,"MIMS.me,MIGS/MIMS/MIMARKS.soil",15129106,NEW MEXICO STATE UNIVERSITY,2020-06-10,public,"sra,run.zq,fastq","ncbi,s3,gs","s3.us-east-1,ncbi.public,gs.US",Surface,1313.0,Chihuahuan Desert,Chihuahuan Desert,Dark Cyanobacterial Biocrust 5,SRX11504685,USA,North America,USA: Jornada LTER,Illumina MiSeq,32.51 N 106.74 W,JERDA5,PAIRED,PCR,METAGENOMIC,soil metagenome,ILLUMINA,2021-07-20T00:00:00Z,Rep 5,2021-07-20T13:19:00Z,1,Sterile metal spatula,JERDA5,Alluvial,SRP329112
SRR15198157,AMPLICON,602,34016612,PRJNA748083,SAMN20296441,"MIMS.me,MIGS/MIMS/MIMARKS.soil",16117758,NEW MEXICO STATE UNIVERSITY,2020-06-10,public,"sra,fastq,run.zq","s3,ncbi,gs","s3.us-east-1,ncbi.public,gs.US",Surface,1313.0,Chihuahuan Desert,Chihuahuan Desert,Dark Cyanobacterial Biocrust 4,SRX11504684,USA,North America,USA: Jornada LTER,Illumina MiSeq,32.51 N 106.74 W,JERDA4,PAIRED,PCR,METAGENOMIC,soil metagenome,ILLUMINA,2021-07-20T00:00:00Z,Rep 4,2021-07-20T13:20:00Z,1,Sterile metal spatula,JERDA4,Alluvial,SRP329112
SRR15198158,AMPLICON,602,37789346,PRJNA748083,SAMN20296440,"MIMS.me,MIGS/MIMS/MIMARKS.soil",18204844,NEW MEXICO STATE UNIVERSITY,2020-06-10,public,"fastq,run.zq,sra","gs,ncbi,s3","ncbi.public,gs.US,s3.us-east-1",Surface,1313.0,Chihuahuan Desert,Chihuahuan Desert,Dark Cyanobacterial Biocrust 3,SRX11504683,USA,North America,USA: Jornada LTER,Illumina MiSeq,32.51 N 106.74 W,JERDA3,PAIRED,PCR,METAGENOMIC,soil metagenome,ILLUMINA,2021-07-20T00:00:00Z,Rep 3,2021-07-20T13:20:00Z,1,Sterile metal spatula,JERDA3,Alluvial,SRP329112
SRR15198159,AMPLICON,602,52575068,PRJNA748083,SAMN20296439,"MIMS.me,MIGS/MIMS/MIMARKS.soil",24844525,NEW MEXICO STATE UNIVERSITY,2020-06-10,public,"run.zq,fastq,sra","gs,s3,ncbi","ncbi.public,gs.US,s3.us-east-1",Surface,1313.0,Chihuahuan Desert,Chihuahuan Desert,Dark Cyanobacterial Biocrust 2,SRX11504682,USA,North America,USA: Jornada LTER,Illumina MiSeq,32.51 N 106.74 W,JERDA2,PAIRED,PCR,METAGENOMIC,soil metagenome,ILLUMINA,2021-07-20T00:00:00Z,Rep 2,2021-07-20T13:20:00Z,1,Sterile metal spatula,JERDA2,Alluvial,SRP329112
SRR15198160,AMPLICON,602,22876,PRJNA748083,SAMN20296438,"MIMS.me,MIGS/MIMS/MIMARKS.soil",97249,NEW MEXICO STATE UNIVERSITY,2020-06-10,public,"run.zq,fastq,sra","gs,s3,ncbi","s3.us-east-1,gs.US,ncbi.public",Surface,1313.0,Chihuahuan Desert,Chihuahuan Desert,Dark Cyanobacterial Biocrust 1,SRX11504681,USA,North America,USA: Jornada LTER,Illumina MiSeq,32.51 N 106.74 W,JERDA1,PAIRED,PCR,METAGENOMIC,soil metagenome,ILLUMINA,2021-07-20T00:00:00Z,Rep 1,2021-07-20T13:19:00Z,1,Sterile metal spatula,JERDA1,Alluvial,SRP329112
SRR15198161,AMPLICON,602,22314334,PRJNA748083,SAMN20296437,"MIMS.me,MIGS/MIMS/MIMARKS.soil",10680139,NEW MEXICO STATE UNIVERSITY,2020-06-10,public,"fastq,run.zq,sra","gs,s3,ncbi","gs.US,s3.us-east-1,ncbi.public",Surface,1313.0,Chihuahuan Desert,Chihuahuan Desert,Dark Cyanobacterial Biocrust 02,SRX11504680,USA,North America,USA: Jornada LTER,Illumina MiSeq,32.51 N 106.74 W,JERDA0,PAIRED,PCR,METAGENOMIC,soil metagenome,ILLUMINA,2021-07-20T00:00:00Z,Rep 2 Duplicate,2021-07-20T13:20:00Z,1,Sterile metal spatula,JERDA0,Alluvial,SRP329112
SRR15198162,AMPLICON,602,36410164,PRJNA748083,SAMN20296436,"MIMS.me,MIGS/MIMS/MIMARKS.soil",17501904,NEW MEXICO STATE UNIVERSITY,2020-06-10,public,"run.zq,sra,fastq","ncbi,s3,gs","ncbi.public,gs.US,s3.us-east-1",Surface,1313.0,Chihuahuan Desert,Chihuahuan Desert,Clavascidium Lichen Biocrust 5,SRX11504679,USA,North America,USA: Jornada LTER,Illumina MiSeq,32.51 N 106.74 W,JERCL5,PAIRED,PCR,METAGENOMIC,soil metagenome,ILLUMINA,2021-07-20T00:00:00Z,Rep 5,2021-07-20T13:20:00Z,1,Sterile metal spatula,JERCL5,Alluvial,SRP329112
SRR15198163,AMPLICON,602,29927226,PRJNA748083,SAMN20296409,"MIMS.me,MIGS/MIMS/MIMARKS.soil",14227093,NEW MEXICO STATE UNIVERSITY,2020-03-14,public,"sra,run.zq,fastq","gs,s3,ncbi","ncbi.public,gs.US,s3.us-east-1",Surface,1296.0,Chihuahuan Desert,Chihuahuan Desert,Clavascidium Lichen Biocrust 4,SRX11504678,USA,North America,USA: Tortugas Mountain,Illumina MiSeq,32.30 N 106.70 W,AMTCL4,PAIRED,PCR,METAGENOMIC,soil metagenome,ILLUMINA,2021-07-20T00:00:00Z,Rep 4,2021-07-20T13:20:00Z,1,Sterile metal spatula,AMTCL4,Alluvial,SRP329112
SRR15198164,AMPLICON,602,45059700,PRJNA748083,SAMN20296435,"MIMS.me,MIGS/MIMS/MIMARKS.soil",21304777,NEW MEXICO STATE UNIVERSITY,2020-06-10,public,"fastq,sra,run.zq","ncbi,s3,gs","gs.US,s3.us-east-1,ncbi.public",Surface,1313.0,Chihuahuan Desert,Chihuahuan Desert,Clavascidium Lichen Biocrust 4,SRX11504677,USA,North America,USA: Jornada LTER,Illumina MiSeq,32.51 N 106.74 W,JERCL4,PAIRED,PCR,METAGENOMIC,soil metagenome,ILLUMINA,2021-07-20T00:00:00Z,Rep 4,2021-07-20T13:20:00Z,1,Sterile metal spatula,JERCL4,Alluvial,SRP329112
SRR15198165,AMPLICON,602,34306776,PRJNA748083,SAMN20296434,"MIMS.me,MIGS/MIMS/MIMARKS.soil",16473897,NEW MEXICO STATE UNIVERSITY,2020-06-10,public,"run.zq,sra,fastq","ncbi,s3,gs","s3.us-east-1,gs.US,ncbi.public",Surface,1313.0,Chihuahuan Desert,Chihuahuan Desert,Clavascidium Lichen Biocrust 3,SRX11504676,USA,North America,USA: Jornada LTER,Illumina MiSeq,32.51 N 106.74 W,JERCL3,PAIRED,PCR,METAGENOMIC,soil metagenome,ILLUMINA,2021-07-20T00:00:00Z,Rep 3,2021-07-20T13:20:00Z,1,Sterile metal spatula,JERCL3,Alluvial,SRP329112
SRR15198166,AMPLICON,602,44159108,PRJNA748083,SAMN20296433,"MIMS.me,MIGS/MIMS/MIMARKS.soil",21686583,NEW MEXICO STATE UNIVERSITY,2020-06-10,public,"sra,run.zq,fastq","s3,gs,ncbi","gs.US,s3.us-east-1,ncbi.public",Surface,1313.0,Chihuahuan Desert,Chihuahuan Desert,Clavascidium Lichen Biocrust 2,SRX11504675,USA,North America,USA: Jornada LTER,Illumina MiSeq,32.51 N 106.74 W,JERCL2,PAIRED,PCR,METAGENOMIC,soil metagenome,ILLUMINA,2021-07-20T00:00:00Z,Rep 2,2021-07-20T13:20:00Z,1,Sterile metal spatula,JERCL2,Alluvial,SRP329112
SRR15198167,AMPLICON,602,38450944,PRJNA748083,SAMN20296432,"MIMS.me,MIGS/MIMS/MIMARKS.soil",18724586,NEW MEXICO STATE UNIVERSITY,2020-06-10,public,"run.zq,fastq,sra","gs,ncbi,s3","ncbi.public,gs.US,s3.us-east-1",Surface,1313.0,Chihuahuan Desert,Chihuahuan Desert,Clavascidium Lichen Biocrust 1,SRX11504674,USA,North America,USA: Jornada LTER,Illumina MiSeq,32.51 N 106.74 W,JERCL1,PAIRED,PCR,METAGENOMIC,soil metagenome,ILLUMINA,2021-07-20T00:00:00Z,Rep 1,2021-07-20T13:20:00Z,1,Sterile metal spatula,JERCL1,Alluvial,SRP329112
SRR15198168,AMPLICON,602,31669414,PRJNA748083,SAMN20296431,"MIMS.me,MIGS/MIMS/MIMARKS.soil",15266433,NEW MEXICO STATE UNIVERSITY,2020-03-14,public,"run.zq,sra,fastq","ncbi,s3,gs","s3.us-east-1,ncbi.public,gs.US",Surface,1296.0,Chihuahuan Desert,Chihuahuan Desert,Peltula Lichen Biocrust 5,SRX11504673,USA,North America,USA: Tortugas Mountain,Illumina MiSeq,32.30 N 106.70 W,AMTPT5,PAIRED,PCR,METAGENOMIC,soil metagenome,ILLUMINA,2021-07-20T00:00:00Z,Rep 5,2021-07-20T13:20:00Z,1,Sterile metal spatula,AMTPT5,Alluvial,SRP329112
SRR15198169,AMPLICON,602,38798298,PRJNA748083,SAMN20296430,"MIMS.me,MIGS/MIMS/MIMARKS.soil",18217790,NEW MEXICO STATE UNIVERSITY,2020-03-14,public,"run.zq,fastq,sra","s3,gs,ncbi","s3.us-east-1,gs.US,ncbi.public",Surface,1296.0,Chihuahuan Desert,Chihuahuan Desert,Peltula Lichen Biocrust 4,SRX11504672,USA,North America,USA: Tortugas Mountain,Illumina MiSeq,32.30 N 106.70 W,AMTPT4,PAIRED,PCR,METAGENOMIC,soil metagenome,ILLUMINA,2021-07-20T00:00:00Z,Rep 4,2021-07-20T13:20:00Z,1,Sterile metal spatula,AMTPT4,Alluvial,SRP329112
SRR15198170,AMPLICON,602,35448168,PRJNA748083,SAMN20296429,"MIMS.me,MIGS/MIMS/MIMARKS.soil",16930880,NEW MEXICO STATE UNIVERSITY,2020-03-14,public,"run.zq,sra,fastq","s3,gs,ncbi","ncbi.public,gs.US,s3.us-east-1",Surface,1296.0,Chihuahuan Desert,Chihuahuan Desert,Peltula Lichen Biocrust 3,SRX11504671,USA,North America,USA: Tortugas Mountain,Illumina MiSeq,32.30 N 106.70 W,AMTPT3,PAIRED,PCR,METAGENOMIC,soil metagenome,ILLUMINA,2021-07-20T00:00:00Z,Rep 3,2021-07-20T13:20:00Z,1,Sterile metal spatula,AMTPT3,Alluvial,SRP329112
SRR15198171,AMPLICON,602,43224804,PRJNA748083,SAMN20296428,"MIMS.me,MIGS/MIMS/MIMARKS.soil",20538120,NEW MEXICO STATE UNIVERSITY,2020-03-14,public,"sra,run.zq,fastq","gs,s3,ncbi","ncbi.public,gs.US,s3.us-east-1",Surface,1296.0,Chihuahuan Desert,Chihuahuan Desert,Peltula Lichen Biocrust 2,SRX11504670,USA,North America,USA: Tortugas Mountain,Illumina MiSeq,32.30 N 106.70 W,AMTPT2,PAIRED,PCR,METAGENOMIC,soil metagenome,ILLUMINA,2021-07-20T00:00:00Z,Rep 2,2021-07-20T13:20:00Z,1,Sterile metal spatula,AMTPT2,Alluvial,SRP329112
SRR15198172,AMPLICON,602,72240,PRJNA748083,SAMN20296427,"MIMS.me,MIGS/MIMS/MIMARKS.soil",129939,NEW MEXICO STATE UNIVERSITY,2020-03-14,public,"fastq,sra,run.zq","ncbi,gs,s3","gs.US,s3.us-east-1,ncbi.public",Surface,1296.0,Chihuahuan Desert,Chihuahuan Desert,Peltula Lichen Biocrust 1,SRX11504669,USA,North America,USA: Tortugas Mountain,Illumina MiSeq,32.30 N 106.70 W,AMTPT1,PAIRED,PCR,METAGENOMIC,soil metagenome,ILLUMINA,2021-07-20T00:00:00Z,Rep 1,2021-07-20T13:20:00Z,1,Sterile metal spatula,AMTPT1,Alluvial,SRP329112
SRR15198173,AMPLICON,602,29440810,PRJNA748083,SAMN20296426,"MIMS.me,MIGS/MIMS/MIMARKS.soil",13828149,NEW MEXICO STATE UNIVERSITY,2020-03-14,public,"sra,fastq,run.zq","s3,ncbi,gs","s3.us-east-1,gs.US,ncbi.public",Surface,1296.0,Chihuahuan Desert,Chihuahuan Desert,Peltula Lichen Biocrust 05,SRX11504668,USA,North America,USA: Tortugas Mountain,Illumina MiSeq,32.30 N 106.70 W,AMTPT0,PAIRED,PCR,METAGENOMIC,soil metagenome,ILLUMINA,2021-07-20T00:00:00Z,Rep 5 Duplicate,2021-07-20T13:20:00Z,1,Sterile metal spatula,AMTPT0,Alluvial,SRP329112
SRR15198174,AMPLICON,602,30668288,PRJNA748083,SAMN20296408,"MIMS.me,MIGS/MIMS/MIMARKS.soil",14460461,NEW MEXICO STATE UNIVERSITY,2020-03-14,public,"sra,run.zq,fastq","gs,s3,ncbi","ncbi.public,gs.US,s3.us-east-1",Surface,1296.0,Chihuahuan Desert,Chihuahuan Desert,Clavascidium Lichen Biocrust 3,SRX11504667,USA,North America,USA: Tortugas Mountain,Illumina MiSeq,32.30 N 106.70 W,AMTCL3,PAIRED,PCR,METAGENOMIC,soil metagenome,ILLUMINA,2021-07-20T00:00:00Z,Rep 3,2021-07-20T13:20:00Z,1,Sterile metal spatula,AMTCL3,Alluvial,SRP329112
SRR15198175,AMPLICON,602,36920660,PRJNA748083,SAMN20296425,"MIMS.me,MIGS/MIMS/MIMARKS.soil",17518855,NEW MEXICO STATE UNIVERSITY,2020-03-14,public,"sra,fastq,run.zq","gs,s3,ncbi","gs.US,s3.us-east-1,ncbi.public",Surface,1296.0,Chihuahuan Desert,Chihuahuan Desert,Moss Biocrust 5,SRX11504666,USA,North America,USA: Tortugas Mountain,Illumina MiSeq,32.30 N 106.70 W,AMTMO5,PAIRED,PCR,METAGENOMIC,soil metagenome,ILLUMINA,2021-07-20T00:00:00Z,Rep 5,2021-07-20T13:20:00Z,1,Sterile metal spatula,AMTMO5,Alluvial,SRP329112
SRR15198176,AMPLICON,602,44057972,PRJNA748083,SAMN20296424,"MIMS.me,MIGS/MIMS/MIMARKS.soil",20650524,NEW MEXICO STATE UNIVERSITY,2020-03-14,public,"sra,run.zq,fastq","s3,ncbi,gs","ncbi.public,s3.us-east-1,gs.US",Surface,1296.0,Chihuahuan Desert,Chihuahuan Desert,Moss Biocrust 4,SRX11504665,USA,North America,USA: Tortugas Mountain,Illumina MiSeq,32.30 N 106.70 W,AMTMO4,PAIRED,PCR,METAGENOMIC,soil metagenome,ILLUMINA,2021-07-20T00:00:00Z,Rep 4,2021-07-20T13:20:00Z,1,Sterile metal spatula,AMTMO4,Alluvial,SRP329112
SRR15198177,AMPLICON,602,35511378,PRJNA748083,SAMN20296423,"MIMS.me,MIGS/MIMS/MIMARKS.soil",17047235,NEW MEXICO STATE UNIVERSITY,2020-03-14,public,"run.zq,fastq,sra","s3,gs,ncbi","s3.us-east-1,ncbi.public,gs.US",Surface,1296.0,Chihuahuan Desert,Chihuahuan Desert,Moss Biocrust 3,SRX11504664,USA,North America,USA: Tortugas Mountain,Illumina MiSeq,32.30 N 106.70 W,AMTMO3,PAIRED,PCR,METAGENOMIC,soil metagenome,ILLUMINA,2021-07-20T00:00:00Z,Rep 3,2021-07-20T13:20:00Z,1,Sterile metal spatula,AMTMO3,Alluvial,SRP329112
SRR15198178,AMPLICON,602,47953514,PRJNA748083,SAMN20296422,"MIMS.me,MIGS/MIMS/MIMARKS.soil",22657375,NEW MEXICO STATE UNIVERSITY,2020-03-14,public,"sra,fastq,run.zq","ncbi,s3,gs","gs.US,ncbi.public,s3.us-east-1",Surface,1296.0,Chihuahuan Desert,Chihuahuan Desert,Moss Biocrust 2,SRX11504663,USA,North America,USA: Tortugas Mountain,Illumina MiSeq,32.30 N 106.70 W,AMTMO2,PAIRED,PCR,METAGENOMIC,soil metagenome,ILLUMINA,2021-07-20T00:00:00Z,Rep 2,2021-07-20T13:20:00Z,1,Sterile metal spatula,AMTMO2,Alluvial,SRP329112
SRR15198179,AMPLICON,602,56588,PRJNA748083,SAMN20296421,"MIMS.me,MIGS/MIMS/MIMARKS.soil",118553,NEW MEXICO STATE UNIVERSITY,2020-03-14,public,"sra,run.zq,fastq","ncbi,gs,s3","s3.us-east-1,ncbi.public,gs.US",Surface,1296.0,Chihuahuan Desert,Chihuahuan Desert,Moss Biocrust 1,SRX11504662,USA,North America,USA: Tortugas Mountain,Illumina MiSeq,32.30 N 106.70 W,AMTMO1,PAIRED,PCR,METAGENOMIC,soil metagenome,ILLUMINA,2021-07-20T00:00:00Z,Rep 1,2021-07-20T13:20:00Z,1,Sterile metal spatula,AMTMO1,Alluvial,SRP329112
SRR15198180,AMPLICON,602,36902600,PRJNA748083,SAMN20296420,"MIMS.me,MIGS/MIMS/MIMARKS.soil",17689027,NEW MEXICO STATE UNIVERSITY,2020-03-14,public,"run.zq,fastq,sra","s3,ncbi,gs","gs.US,ncbi.public,s3.us-east-1",Surface,1296.0,Chihuahuan Desert,Chihuahuan Desert,Light Cyanobaterial Biocrust 5,SRX11504661,USA,North America,USA: Tortugas Mountain,Illumina MiSeq,32.30 N 106.70 W,AMTLA5,PAIRED,PCR,METAGENOMIC,soil metagenome,ILLUMINA,2021-07-20T00:00:00Z,Rep 5,2021-07-20T13:20:00Z,1,Sterile metal spatula,AMTLA5,Alluvial,SRP329112
SRR15198181,AMPLICON,602,43723862,PRJNA748083,SAMN20296419,"MIMS.me,MIGS/MIMS/MIMARKS.soil",20644137,NEW MEXICO STATE UNIVERSITY,2020-03-14,public,"sra,run.zq,fastq","gs,ncbi,s3","ncbi.public,gs.US,s3.us-east-1",Surface,1296.0,Chihuahuan Desert,Chihuahuan Desert,Light Cyanobaterial Biocrust 4,SRX11504660,USA,North America,USA: Tortugas Mountain,Illumina MiSeq,32.30 N 106.70 W,AMTLA4,PAIRED,PCR,METAGENOMIC,soil metagenome,ILLUMINA,2021-07-20T00:00:00Z,Rep 4,2021-07-20T13:20:00Z,1,Sterile metal spatula,AMTLA4,Alluvial,SRP329112
SRR15198182,AMPLICON,602,30694776,PRJNA748083,SAMN20296418,"MIMS.me,MIGS/MIMS/MIMARKS.soil",14479215,NEW MEXICO STATE UNIVERSITY,2020-03-14,public,"sra,run.zq,fastq","gs,s3,ncbi","ncbi.public,s3.us-east-1,gs.US",Surface,1296.0,Chihuahuan Desert,Chihuahuan Desert,Light Cyanobaterial Biocrust 3,SRX11504659,USA,North America,USA: Tortugas Mountain,Illumina MiSeq,32.30 N 106.70 W,AMTLA3,PAIRED,PCR,METAGENOMIC,soil metagenome,ILLUMINA,2021-07-20T00:00:00Z,Rep 3,2021-07-20T13:20:00Z,1,Sterile metal spatula,AMTLA3,Alluvial,SRP329112
SRR15198183,AMPLICON,602,43128484,PRJNA748083,SAMN20296417,"MIMS.me,MIGS/MIMS/MIMARKS.soil",20472626,NEW MEXICO STATE UNIVERSITY,2020-03-14,public,"sra,fastq,run.zq","s3,ncbi,gs","ncbi.public,s3.us-east-1,gs.US",Surface,1296.0,Chihuahuan Desert,Chihuahuan Desert,Light Cyanobaterial Biocrust 2,SRX11504658,USA,North America,USA: Tortugas Mountain,Illumina MiSeq,32.30 N 106.70 W,AMTLA2,PAIRED,PCR,METAGENOMIC,soil metagenome,ILLUMINA,2021-07-20T00:00:00Z,Rep 2,2021-07-20T13:21:00Z,1,Sterile metal spatula,AMTLA2,Alluvial,SRP329112
SRR15198184,AMPLICON,602,26946724,PRJNA748083,SAMN20296511,"MIMS.me,MIGS/MIMS/MIMARKS.soil",13127616,NEW MEXICO STATE UNIVERSITY,2020-07-17,public,"fastq,sra,run.zq","ncbi,s3,gs","s3.us-east-1,gs.US,ncbi.public",Surface,1213.0,Chihuahuan Desert,Chihuahuan Desert,Peltula Lichen Biocrust 5,SRX11504657,USA,North America,USA: White Sands National Park,Illumina MiSeq,32.73 N 106.22 W,WHSPT5,PAIRED,PCR,METAGENOMIC,soil metagenome,ILLUMINA,2021-07-20T00:00:00Z,Rep 5,2021-07-20T13:21:00Z,1,Sterile metal spatula,WHSPT5,Gypsum,SRP329112
SRR15198185,AMPLICON,602,28652792,PRJNA748083,SAMN20296510,"MIMS.me,MIGS/MIMS/MIMARKS.soil",13971990,NEW MEXICO STATE UNIVERSITY,2020-07-17,public,"sra,fastq,run.zq","gs,ncbi,s3","ncbi.public,gs.US,s3.us-east-1",Surface,1213.0,Chihuahuan Desert,Chihuahuan Desert,Peltula Lichen Biocrust 4,SRX11504656,USA,North America,USA: White Sands National Park,Illumina MiSeq,32.73 N 106.22 W,WHSPT4,PAIRED,PCR,METAGENOMIC,soil metagenome,ILLUMINA,2021-07-20T00:00:00Z,Rep 4,2021-07-20T13:21:00Z,1,Sterile metal spatula,WHSPT4,Gypsum,SRP329112
SRR15198186,AMPLICON,602,35024360,PRJNA748083,SAMN20296509,"MIMS.me,MIGS/MIMS/MIMARKS.soil",16822088,NEW MEXICO STATE UNIVERSITY,2020-07-17,public,"sra,run.zq,fastq","gs,s3,ncbi","ncbi.public,gs.US,s3.us-east-1",Surface,1213.0,Chihuahuan Desert,Chihuahuan Desert,Peltula Lichen Biocrust 3,SRX11504655,USA,North America,USA: White Sands National Park,Illumina MiSeq,32.73 N 106.22 W,WHSPT3,PAIRED,PCR,METAGENOMIC,soil metagenome,ILLUMINA,2021-07-20T00:00:00Z,Rep 3,2021-07-20T13:20:00Z,1,Sterile metal spatula,WHSPT3,Gypsum,SRP329112
SRR15198187,AMPLICON,602,34443430,PRJNA748083,SAMN20296508,"MIMS.me,MIGS/MIMS/MIMARKS.soil",16566919,NEW MEXICO STATE UNIVERSITY,2020-07-17,public,"sra,fastq,run.zq","gs,ncbi,s3","ncbi.public,s3.us-east-1,gs.US",Surface,1213.0,Chihuahuan Desert,Chihuahuan Desert,Peltula Lichen Biocrust 2,SRX11504654,USA,North America,USA: White Sands National Park,Illumina MiSeq,32.73 N 106.22 W,WHSPT2,PAIRED,PCR,METAGENOMIC,soil metagenome,ILLUMINA,2021-07-20T00:00:00Z,Rep 2,2021-07-20T13:21:00Z,1,Sterile metal spatula,WHSPT2,Gypsum,SRP329112
SRR15198188,AMPLICON,602,36935108,PRJNA748083,SAMN20296507,"MIMS.me,MIGS/MIMS/MIMARKS.soil",17874736,NEW MEXICO STATE UNIVERSITY,2020-07-17,public,"sra,run.zq,fastq","gs,s3,ncbi","ncbi.public,s3.us-east-1,gs.US",Surface,1213.0,Chihuahuan Desert,Chihuahuan Desert,Peltula Lichen Biocrust 1,SRX11504653,USA,North America,USA: White Sands National Park,Illumina MiSeq,32.73 N 106.22 W,WHSPT1,PAIRED,PCR,METAGENOMIC,soil metagenome,ILLUMINA,2021-07-20T00:00:00Z,Rep 1,2021-07-20T13:21:00Z,1,Sterile metal spatula,WHSPT1,Gypsum,SRP329112
SRR15198189,AMPLICON,602,24041472,PRJNA748083,SAMN20296506,"MIMS.me,MIGS/MIMS/MIMARKS.soil",11443485,NEW MEXICO STATE UNIVERSITY,2020-07-17,public,"sra,run.zq,fastq","ncbi,s3,gs","ncbi.public,gs.US,s3.us-east-1",Surface,1213.0,Chihuahuan Desert,Chihuahuan Desert,Moss Biocrust 5,SRX11504652,USA,North America,USA: White Sands National Park,Illumina MiSeq,32.73 N 106.22 W,WHSMO5,PAIRED,PCR,METAGENOMIC,soil metagenome,ILLUMINA,2021-07-20T00:00:00Z,Rep 5,2021-07-20T13:21:00Z,1,Sterile metal spatula,WHSMO5,Gypsum,SRP329112
SRR15198190,AMPLICON,602,48160,PRJNA748083,SAMN20296416,"MIMS.me,MIGS/MIMS/MIMARKS.soil",115341,NEW MEXICO STATE UNIVERSITY,2020-03-14,public,"fastq,run.zq,sra","gs,ncbi,s3","ncbi.public,s3.us-east-1,gs.US",Surface,1296.0,Chihuahuan Desert,Chihuahuan Desert,Light Cyanobaterial Biocrust 1,SRX11504651,USA,North America,USA: Tortugas Mountain,Illumina MiSeq,32.30 N 106.70 W,AMTLA1,PAIRED,PCR,METAGENOMIC,soil metagenome,ILLUMINA,2021-07-20T00:00:00Z,Rep 1,2021-07-20T13:20:00Z,1,Sterile metal spatula,AMTLA1,Alluvial,SRP329112
SRR15198191,AMPLICON,602,40711454,PRJNA748083,SAMN20296407,"MIMS.me,MIGS/MIMS/MIMARKS.soil",19451758,NEW MEXICO STATE UNIVERSITY,2020-03-14,public,"run.zq,fastq,sra","s3,gs,ncbi","s3.us-east-1,ncbi.public,gs.US",Surface,1296.0,Chihuahuan Desert,Chihuahuan Desert,Clavascidium Lichen Biocrust 2,SRX11504650,USA,North America,USA: Tortugas Mountain,Illumina MiSeq,32.30 N 106.70 W,AMTCL2,PAIRED,PCR,METAGENOMIC,soil metagenome,ILLUMINA,2021-07-20T00:00:00Z,Rep 2,2021-07-20T13:21:00Z,1,Sterile metal spatula,AMTCL2,Alluvial,SRP329112
SRR15198192,AMPLICON,602,65016,PRJNA748083,SAMN20296406,"MIMS.me,MIGS/MIMS/MIMARKS.soil",125980,NEW MEXICO STATE UNIVERSITY,2020-03-14,public,"sra,run.zq,fastq","ncbi,s3,gs","gs.US,s3.us-east-1,ncbi.public",Surface,1296.0,Chihuahuan Desert,Chihuahuan Desert,Clavascidium Lichen Biocrust 1,SRX11504649,USA,North America,USA: Tortugas Mountain,Illumina MiSeq,32.30 N 106.70 W,AMTCL1,PAIRED,PCR,METAGENOMIC,soil metagenome,ILLUMINA,2021-07-20T00:00:00Z,Rep 1,2021-07-20T13:20:00Z,1,Sterile metal spatula,AMTCL1,Alluvial,SRP329112
